{"1500": {"selected_plan_type": 69.80349830033344, "selected_plan": 43.277763500000006}}