{"1500": {"selected_plan_type": 69.80349830033344, "selected_plan": 53.117489591500004}}