{"1500": {"selected_plan_type": 69.80349830033344, "selected_plan": 29.231499999999997}}